{
  "accuracy": 0.356353591160221,
  "per_class": {
    "0": {
      "precision": 0.47887323943661636,
      "recall": 0.44736842105262864,
      "f1": 0.4625850340131029
    },
    "1": {
      "precision": 0.2441860465116251,
      "recall": 0.29166666666666263,
      "f1": 0.2658227848096272
    },
    "2": {
      "precision": 0.4342105263157838,
      "recall": 0.32352941176470273,
      "f1": 0.3707865168534391
    },
    "3": {
      "precision": 0.1206896551724117,
      "recall": 0.19444444444443904,
      "f1": 0.1489361702122902
    },
    "macro": {
      "precision": 0.31948986685910924,
      "recall": 0.3142522359821083,
      "f1": 0.3120326264721149
    }
  },
  "confusion_matrix": [
    [
      68,
      34,
      29,
      21
    ],
    [
      28,
      21,
      8,
      15
    ],
    [
      30,
      24,
      33,
      15
    ],
    [
      16,
      7,
      6,
      7
    ]
  ]
}