{
  "accuracy": 0.37755102040816324,
  "per_class": {
    "0": {
      "precision": 0.4556962025316427,
      "recall": 0.5070422535211232,
      "f1": 0.4799999999994983
    },
    "1": {
      "precision": 0.23999999999999683,
      "recall": 0.24324324324323998,
      "f1": 0.2416107382545304
    },
    "2": {
      "precision": 0.48148148148147707,
      "recall": 0.422764227642273,
      "f1": 0.4502164502159484
    },
    "3": {
      "precision": 0.1176470588235271,
      "recall": 0.11320754716980919,
      "f1": 0.11538461538411335
    },
    "macro": {
      "precision": 0.323706185709161,
      "recall": 0.32156431789411133,
      "f1": 0.3218029509635226
    }
  },
  "confusion_matrix": [
    [
      72,
      26,
      26,
      18
    ],
    [
      24,
      18,
      18,
      14
    ],
    [
      41,
      17,
      52,
      13
    ],
    [
      21,
      14,
      12,
      6
    ]
  ]
}