{
  "accuracy": 0.34054054054054056,
  "per_class": {
    "0": {
      "precision": 0.4225352112676027,
      "recall": 0.40268456375838657,
      "f1": 0.412371134020116
    },
    "1": {
      "precision": 0.2499999999999973,
      "recall": 0.27710843373493643,
      "f1": 0.2628571428566412
    },
    "2": {
      "precision": 0.42352941176470094,
      "recall": 0.3711340206185529,
      "f1": 0.3956043956038935
    },
    "3": {
      "precision": 0.1372549019607816,
      "recall": 0.170731707317069,
      "f1": 0.15217391304298084
    },
    "macro": {
      "precision": 0.30832988124827065,
      "recall": 0.30541468135723626,
      "f1": 0.3057516463809079
    }
  },
  "confusion_matrix": [
    [
      60,
      36,
      34,
      19
    ],
    [
      37,
      23,
      11,
      12
    ],
    [
      29,
      19,
      36,
      13
    ],
    [
      16,
      14,
      4,
      7
    ]
  ]
}