run_dir,experiment_name,model_type,max_len,csv_dir,seed,params_millions,epoch_time_sec_mean,peak_cuda_mb,peak_cpu_mb,fit_time_sec,val_accuracy,val_macro_f1,test_accuracy,test_macro_f1
/Users/amandamagzal/size-fit-rec/artifacts/runs/20250919-194323,tf_len16_small_s1,transformer,16,data,1,3.182,4.30522055,,,40.506329439,0.356353591160221,0.3120326264721149,0.37755102040816324,0.3218029509635226
/Users/amandamagzal/size-fit-rec/artifacts/runs/20250919-194430,tf_len32_small_s1,transformer,32,data,1,3.186,4.4879361481111095,,,41.507525103999996,0.3314917127071823,0.2754604296942317,0.32908163265306123,0.2724655704766926
/Users/amandamagzal/size-fit-rec/artifacts/runs/20250919-194403,xlstm_len16_small_s1,xlstm,16,data,1,2.128,1.5125780512352929,,,26.769867388999998,0.3784530386740331,0.28963012990269277,0.3877551020408163,0.3192574075594814
/Users/amandamagzal/size-fit-rec/artifacts/runs/20250919-194512,xlstm_len32_small_s1,xlstm,32,data,1,2.132,1.5494041993333343,,,28.866145756999998,0.45027624309392267,0.36494958645608616,0.3673469387755102,0.28730651514963373
