{
  "accuracy": 0.3736559139784946,
  "per_class": {
    "0": {
      "precision": 0.4931506849315035,
      "recall": 0.48648648648648324,
      "f1": 0.48979591836684366
    },
    "1": {
      "precision": 0.2295081967213077,
      "recall": 0.24999999999999553,
      "f1": 0.23931623931573615
    },
    "2": {
      "precision": 0.452830188679241,
      "recall": 0.37795275590550886,
      "f1": 0.4120171673814748
    },
    "3": {
      "precision": 0.08474576271186297,
      "recall": 0.12195121951219214,
      "f1": 0.0999999999995142
    },
    "macro": {
      "precision": 0.3150587082609788,
      "recall": 0.3090976154760449,
      "f1": 0.3102823312658922
    }
  },
  "confusion_matrix": [
    [
      72,
      18,
      31,
      27
    ],
    [
      17,
      14,
      15,
      10
    ],
    [
      41,
      21,
      48,
      17
    ],
    [
      16,
      8,
      12,
      5
    ]
  ]
}