{
  "accuracy": 0.3,
  "per_class": {
    "0": {
      "precision": 0.4553571428571388,
      "recall": 0.3422818791946286,
      "f1": 0.3908045977006565
    },
    "1": {
      "precision": 0.19444444444444176,
      "recall": 0.1686746987951787,
      "f1": 0.1806451612898228
    },
    "2": {
      "precision": 0.36363636363636037,
      "recall": 0.4123711340206143,
      "f1": 0.3864734299511891
    },
    "3": {
      "precision": 0.0789473684210516,
      "recall": 0.14634146341463056,
      "f1": 0.10256410256364556
    },
    "macro": {
      "precision": 0.27309632983974813,
      "recall": 0.26741729385626306,
      "f1": 0.26512182287632846
    }
  },
  "confusion_matrix": [
    [
      51,
      26,
      39,
      33
    ],
    [
      32,
      14,
      17,
      20
    ],
    [
      21,
      19,
      40,
      17
    ],
    [
      8,
      13,
      14,
      6
    ]
  ]
}