{
  "accuracy": 0.3279569892473118,
  "per_class": {
    "0": {
      "precision": 0.4436619718309828,
      "recall": 0.4256756756756728,
      "f1": 0.4344827586201869
    },
    "1": {
      "precision": 0.20289855072463475,
      "recall": 0.24999999999999553,
      "f1": 0.22399999999950185
    },
    "2": {
      "precision": 0.40425531914893187,
      "recall": 0.2992125984251945,
      "f1": 0.3438914027144402
    },
    "3": {
      "precision": 0.10447761194029695,
      "recall": 0.170731707317069,
      "f1": 0.12962962962915622
    },
    "macro": {
      "precision": 0.2888233634112116,
      "recall": 0.28640499535448294,
      "f1": 0.28300094774082124
    }
  },
  "confusion_matrix": [
    [
      63,
      23,
      37,
      25
    ],
    [
      23,
      14,
      8,
      11
    ],
    [
      40,
      25,
      38,
      24
    ],
    [
      16,
      7,
      11,
      7
    ]
  ]
}