{
  "accuracy": 0.45027624309392267,
  "per_class": {
    "0": {
      "precision": 0.4975609756097537,
      "recall": 0.671052631578943,
      "f1": 0.5714285714280792
    },
    "1": {
      "precision": 0.34374999999999467,
      "recall": 0.30555555555555136,
      "f1": 0.3235294117642029
    },
    "2": {
      "precision": 0.4857142857142788,
      "recall": 0.3333333333333301,
      "f1": 0.3953488372088151
    },
    "3": {
      "precision": 0.21739130434781664,
      "recall": 0.13888888888888504,
      "f1": 0.16949152542324736
    },
    "macro": {
      "precision": 0.38610414141796096,
      "recall": 0.36220760233917737,
      "f1": 0.36494958645608616
    }
  },
  "confusion_matrix": [
    [
      102,
      22,
      21,
      7
    ],
    [
      36,
      22,
      10,
      4
    ],
    [
      44,
      17,
      34,
      7
    ],
    [
      23,
      3,
      5,
      5
    ]
  ]
}