{
  "accuracy": 0.3673469387755102,
  "per_class": {
    "0": {
      "precision": 0.39914163090128585,
      "recall": 0.6549295774647842,
      "f1": 0.4959999999995267
    },
    "1": {
      "precision": 0.21428571428571044,
      "recall": 0.16216216216215998,
      "f1": 0.18461538461489138
    },
    "2": {
      "precision": 0.4857142857142788,
      "recall": 0.27642276422764006,
      "f1": 0.3523316062171507
    },
    "3": {
      "precision": 0.1515151515151469,
      "recall": 0.09433962264150765,
      "f1": 0.11627906976696618
    },
    "macro": {
      "precision": 0.3126641956041055,
      "recall": 0.29696353162402295,
      "f1": 0.28730651514963373
    }
  },
  "confusion_matrix": [
    [
      93,
      20,
      21,
      8
    ],
    [
      45,
      12,
      7,
      10
    ],
    [
      62,
      17,
      34,
      10
    ],
    [
      33,
      7,
      8,
      5
    ]
  ]
}