{
  "accuracy": 0.3027027027027027,
  "per_class": {
    "0": {
      "precision": 0.4553571428571388,
      "recall": 0.3422818791946286,
      "f1": 0.3908045977006565
    },
    "1": {
      "precision": 0.19444444444444176,
      "recall": 0.1686746987951787,
      "f1": 0.1806451612898228
    },
    "2": {
      "precision": 0.36607142857142533,
      "recall": 0.4226804123711297,
      "f1": 0.39234449760715434
    },
    "3": {
      "precision": 0.08108108108107999,
      "recall": 0.14634146341463056,
      "f1": 0.10434782608649587
    },
    "macro": {
      "precision": 0.27423852423852146,
      "recall": 0.26999461344389186,
      "f1": 0.26703552067103237
    }
  },
  "confusion_matrix": [
    [
      51,
      25,
      40,
      33
    ],
    [
      32,
      14,
      17,
      20
    ],
    [
      22,
      19,
      41,
      15
    ],
    [
      7,
      14,
      14,
      6
    ]
  ]
}