{
  "accuracy": 0.3736559139784946,
  "per_class": {
    "0": {
      "precision": 0.48630136986301037,
      "recall": 0.4797297297297265,
      "f1": 0.4829931972784084
    },
    "1": {
      "precision": 0.23728813559321632,
      "recall": 0.24999999999999553,
      "f1": 0.24347826086906135
    },
    "2": {
      "precision": 0.44954128440366564,
      "recall": 0.3858267716535403,
      "f1": 0.41525423728763505
    },
    "3": {
      "precision": 0.08620689655172264,
      "recall": 0.12195121951219214,
      "f1": 0.10101010100961372
    },
    "macro": {
      "precision": 0.31483442160290376,
      "recall": 0.3093769302238636,
      "f1": 0.3106839491111796
    }
  },
  "confusion_matrix": [
    [
      71,
      17,
      33,
      27
    ],
    [
      17,
      14,
      15,
      10
    ],
    [
      42,
      20,
      49,
      16
    ],
    [
      16,
      8,
      12,
      5
    ]
  ]
}