{
  "accuracy": 0.3162162162162162,
  "per_class": {
    "0": {
      "precision": 0.3821138211382083,
      "recall": 0.31543624161073613,
      "f1": 0.34558823529361976
    },
    "1": {
      "precision": 0.2948717948717911,
      "recall": 0.27710843373493643,
      "f1": 0.2857142857137827
    },
    "2": {
      "precision": 0.2857142857142836,
      "recall": 0.39175257731958363,
      "f1": 0.3304347826082051
    },
    "3": {
      "precision": 0.24999999999999303,
      "recall": 0.21951219512194586,
      "f1": 0.23376623376572983
    },
    "macro": {
      "precision": 0.303174975431069,
      "recall": 0.30095236194680053,
      "f1": 0.29887588434533435
    }
  },
  "confusion_matrix": [
    [
      47,
      28,
      61,
      13
    ],
    [
      31,
      23,
      23,
      6
    ],
    [
      32,
      19,
      38,
      8
    ],
    [
      13,
      8,
      11,
      9
    ]
  ]
}