{
  "accuracy": 0.30913978494623656,
  "per_class": {
    "0": {
      "precision": 0.3984962406015008,
      "recall": 0.3581081081081057,
      "f1": 0.37722419928775497
    },
    "1": {
      "precision": 0.1818181818181785,
      "recall": 0.17857142857142538,
      "f1": 0.18018018017967696
    },
    "2": {
      "precision": 0.31333333333333124,
      "recall": 0.37007874015747744,
      "f1": 0.3393501805049162
    },
    "3": {
      "precision": 0.14705882352940744,
      "recall": 0.12195121951219214,
      "f1": 0.13333333333283415
    },
    "macro": {
      "precision": 0.2601766448206045,
      "recall": 0.2571773740873002,
      "f1": 0.25752197332629556
    }
  },
  "confusion_matrix": [
    [
      53,
      21,
      63,
      11
    ],
    [
      18,
      10,
      21,
      7
    ],
    [
      54,
      15,
      47,
      11
    ],
    [
      8,
      9,
      19,
      5
    ]
  ]
}