{
  "accuracy": 0.34054054054054056,
  "per_class": {
    "0": {
      "precision": 0.4510869565217367,
      "recall": 0.5570469798657681,
      "f1": 0.498498498498001
    },
    "1": {
      "precision": 0.21367521367521186,
      "recall": 0.3012048192771048,
      "f1": 0.24999999999951197
    },
    "2": {
      "precision": 0.40540540540539444,
      "recall": 0.15463917525773038,
      "f1": 0.2238805970145223
    },
    "3": {
      "precision": 0.09374999999999707,
      "recall": 0.07317073170731528,
      "f1": 0.08219178082142314
    },
    "macro": {
      "precision": 0.290979393900585,
      "recall": 0.27151542652697963,
      "f1": 0.2636427190833646
    }
  },
  "confusion_matrix": [
    [
      83,
      40,
      15,
      11
    ],
    [
      44,
      25,
      3,
      11
    ],
    [
      39,
      36,
      15,
      7
    ],
    [
      18,
      16,
      4,
      3
    ]
  ]
}