{
  "accuracy": 0.3790322580645161,
  "per_class": {
    "0": {
      "precision": 0.46445497630331534,
      "recall": 0.6621621621621577,
      "f1": 0.5459610027850276
    },
    "1": {
      "precision": 0.20430107526881502,
      "recall": 0.3392857142857082,
      "f1": 0.25503355704650726
    },
    "2": {
      "precision": 0.5714285714285579,
      "recall": 0.18897637795275443,
      "f1": 0.2840236686386764
    },
    "3": {
      "precision": 0.0,
      "recall": 0.0,
      "f1": 0.0
    },
    "macro": {
      "precision": 0.310046155750172,
      "recall": 0.2976060636001551,
      "f1": 0.2712545571175528
    }
  },
  "confusion_matrix": [
    [
      98,
      27,
      12,
      11
    ],
    [
      33,
      19,
      3,
      1
    ],
    [
      53,
      36,
      24,
      14
    ],
    [
      27,
      11,
      3,
      0
    ]
  ]
}