{
  "accuracy": 0.3314917127071823,
  "per_class": {
    "0": {
      "precision": 0.44274809160305006,
      "recall": 0.3815789473684186,
      "f1": 0.40989399293236206
    },
    "1": {
      "precision": 0.32608695652173203,
      "recall": 0.20833333333333046,
      "f1": 0.2542372881351132
    },
    "2": {
      "precision": 0.31428571428571206,
      "recall": 0.43137254901960365,
      "f1": 0.363636363635873
    },
    "3": {
      "precision": 0.06666666666666518,
      "recall": 0.08333333333333101,
      "f1": 0.07407407407357841
    },
    "macro": {
      "precision": 0.2874468572692898,
      "recall": 0.2761545407636709,
      "f1": 0.2754604296942317
    }
  },
  "confusion_matrix": [
    [
      58,
      15,
      58,
      21
    ],
    [
      21,
      15,
      26,
      10
    ],
    [
      35,
      12,
      44,
      11
    ],
    [
      17,
      4,
      12,
      3
    ]
  ]
}