{
  "accuracy": 0.32908163265306123,
  "per_class": {
    "0": {
      "precision": 0.4249999999999974,
      "recall": 0.47887323943661636,
      "f1": 0.4503311258273134
    },
    "1": {
      "precision": 0.2199999999999956,
      "recall": 0.14864864864864666,
      "f1": 0.1774193548382256
    },
    "2": {
      "precision": 0.33846153846153587,
      "recall": 0.3577235772357695,
      "f1": 0.3478260869560194
    },
    "3": {
      "precision": 0.11538461538461316,
      "recall": 0.11320754716980919,
      "f1": 0.11428571428521216
    },
    "macro": {
      "precision": 0.2747115384615355,
      "recall": 0.27461325312271045,
      "f1": 0.2724655704766926
    }
  },
  "confusion_matrix": [
    [
      68,
      19,
      38,
      17
    ],
    [
      21,
      11,
      26,
      16
    ],
    [
      52,
      14,
      44,
      13
    ],
    [
      19,
      6,
      22,
      6
    ]
  ]
}