{
  "accuracy": 0.3897849462365591,
  "per_class": {
    "0": {
      "precision": 0.5307692307692267,
      "recall": 0.46621621621621306,
      "f1": 0.49640287769734026
    },
    "1": {
      "precision": 0.18367346938775322,
      "recall": 0.3214285714285657,
      "f1": 0.2337662337657679
    },
    "2": {
      "precision": 0.4601769911504384,
      "recall": 0.40944881889763457,
      "f1": 0.43333333333283147
    },
    "3": {
      "precision": 0.19354838709676797,
      "recall": 0.14634146341463056,
      "f1": 0.1666666666661717
    },
    "macro": {
      "precision": 0.3420420196010466,
      "recall": 0.33585876748926097,
      "f1": 0.3325422778655278
    }
  },
  "confusion_matrix": [
    [
      69,
      28,
      38,
      13
    ],
    [
      19,
      18,
      14,
      5
    ],
    [
      34,
      34,
      52,
      7
    ],
    [
      8,
      18,
      9,
      6
    ]
  ]
}