{
  "accuracy": 0.3081081081081081,
  "per_class": {
    "0": {
      "precision": 0.42990654205607076,
      "recall": 0.30872483221476305,
      "f1": 0.35937499999951067
    },
    "1": {
      "precision": 0.2605633802816883,
      "recall": 0.44578313253011514,
      "f1": 0.3288888888884204
    },
    "2": {
      "precision": 0.3020833333333302,
      "recall": 0.2989690721649454,
      "f1": 0.3005181347145229
    },
    "3": {
      "precision": 0.07999999999999681,
      "recall": 0.04878048780487686,
      "f1": 0.06060606060558815
    },
    "macro": {
      "precision": 0.2681383139177715,
      "recall": 0.2755643811786751,
      "f1": 0.2623470210520106
    }
  },
  "confusion_matrix": [
    [
      46,
      55,
      38,
      10
    ],
    [
      24,
      37,
      17,
      5
    ],
    [
      25,
      35,
      29,
      8
    ],
    [
      12,
      15,
      12,
      2
    ]
  ]
}