{
  "accuracy": 0.3877551020408163,
  "per_class": {
    "0": {
      "precision": 0.41752577319587414,
      "recall": 0.5704225352112636,
      "f1": 0.4821428571423663
    },
    "1": {
      "precision": 0.27551020408162985,
      "recall": 0.36486486486486,
      "f1": 0.31395348837159914
    },
    "2": {
      "precision": 0.46590909090908567,
      "recall": 0.33333333333333065,
      "f1": 0.38862559241657174
    },
    "3": {
      "precision": 0.24999999999997916,
      "recall": 0.05660377358490459,
      "f1": 0.0923076923073884
    },
    "macro": {
      "precision": 0.3522362670466422,
      "recall": 0.33130612674858967,
      "f1": 0.3192574075594814
    }
  },
  "confusion_matrix": [
    [
      81,
      31,
      25,
      5
    ],
    [
      36,
      27,
      10,
      1
    ],
    [
      55,
      24,
      41,
      3
    ],
    [
      22,
      16,
      12,
      3
    ]
  ]
}