{
  "accuracy": 0.3784530386740331,
  "per_class": {
    "0": {
      "precision": 0.4797687861271649,
      "recall": 0.5460526315789438,
      "f1": 0.5107692307687297
    },
    "1": {
      "precision": 0.2155172413793085,
      "recall": 0.34722222222221744,
      "f1": 0.26595744680803524
    },
    "2": {
      "precision": 0.4374999999999932,
      "recall": 0.27450980392156593,
      "f1": 0.3373493975898836
    },
    "3": {
      "precision": 0.11111111111109877,
      "recall": 0.027777777777777006,
      "f1": 0.04444444444412247
    },
    "macro": {
      "precision": 0.31097428465439136,
      "recall": 0.29889060887512603,
      "f1": 0.28963012990269277
    }
  },
  "confusion_matrix": [
    [
      83,
      45,
      21,
      3
    ],
    [
      35,
      25,
      9,
      3
    ],
    [
      35,
      37,
      28,
      2
    ],
    [
      20,
      9,
      6,
      1
    ]
  ]
}